manifest_line_id,sku_id,category,reefer_required,manifest_quantity,warehouse_stock,avg_daily_wh_outflow,wh_days_of_cover,eta_delay_hours,num_dcs_requesting,max_m2_urgency,total_m2_requested_qty,m2_fulfillment_ratio
ML-BEE303AF,SKU-007,antiviral,0,445,438,47.78,9.17,0,145,100.0,27447,0.016
ML-FA1DBC41,SKU-003,antiviral,0,224,70,7.61,9.19,22,134,100.0,23101,0.01
ML-5DDE0DB3,SKU-005,reefer,1,267,75,37.49,2.0,33,146,100.0,28436,0.009
ML-C17CD2D9,SKU-012,antiviral,0,323,157,28.61,5.49,0,151,100.0,26848,0.012
ML-77945947,SKU-010,reefer,1,485,2,48.82,0.04,0,150,100.0,29266,0.017
ML-1F66E9E6,SKU-004,reefer,1,329,264,26.0,10.15,0,118,100.0,21357,0.015
ML-88CC4488,SKU-002,reefer,1,397,314,47.4,6.62,0,127,100.0,21690,0.018
ML-75FE7EF0,SKU-002,reefer,1,349,147,15.85,9.28,35,127,100.0,21690,0.016
ML-B63D4E06,SKU-014,antibiotic,0,90,95,16.65,5.71,0,133,100.0,25421,0.004
ML-0FE5A794,SKU-010,reefer,1,269,150,13.32,11.26,62,150,100.0,29266,0.009
ML-68D287D5,SKU-004,reefer,1,279,333,37.73,8.83,0,118,100.0,21357,0.013
ML-5AAB674E,SKU-014,antibiotic,0,305,364,43.0,8.46,0,133,100.0,25421,0.012
ML-08C2B6A3,SKU-009,antiviral,0,261,0,32.32,0.0,0,134,100.0,25002,0.01
ML-0AACC9B3,SKU-009,antiviral,0,353,2,22.77,0.09,35,134,100.0,25002,0.014
ML-9D0915BF,SKU-003,antiviral,0,298,316,32.27,9.79,12,134,100.0,23101,0.013
ML-B1E7F223,SKU-002,reefer,1,42,46,7.86,5.85,35,127,100.0,21690,0.002
ML-94ABBEB7,SKU-001,cardiac,0,236,115,10.38,11.08,0,160,100.0,29220,0.008
ML-770BD80D,SKU-015,cardiac,0,407,194,27.22,7.13,0,152,100.0,27958,0.015
ML-ABEAD238,SKU-013,reefer,1,188,37,6.41,5.77,0,145,100.0,27420,0.007
ML-31CC26A5,SKU-014,antibiotic,0,494,179,16.22,11.04,0,133,100.0,25421,0.019
ML-29F44A5F,SKU-007,antiviral,0,196,344,36.27,9.49,0,145,100.0,27447,0.007
ML-4A747898,SKU-005,reefer,1,143,3,25.54,0.12,62,146,100.0,28436,0.005
ML-48120F1C,SKU-001,cardiac,0,394,180,15.26,11.8,70,160,100.0,29220,0.013
ML-C075695D,SKU-008,antiviral,0,420,2,23.78,0.08,0,154,100.0,30751,0.014
ML-46146062,SKU-008,antiviral,0,472,7,12.57,0.56,62,154,100.0,30751,0.015
ML-57F6B778,SKU-001,cardiac,0,451,1,48.31,0.02,56,160,100.0,29220,0.015
ML-6E1AB6BF,SKU-001,cardiac,0,196,84,32.43,2.59,0,160,100.0,29220,0.007
ML-96D7A2B3,SKU-001,cardiac,0,394,9,15.78,0.57,32,160,100.0,29220,0.013
ML-A510A3D6,SKU-007,antiviral,0,333,42,8.64,4.86,69,145,100.0,27447,0.012
ML-391A17CD,SKU-004,reefer,1,107,103,33.51,3.07,59,118,100.0,21357,0.005
ML-22D96AD7,SKU-006,antibiotic,0,473,69,6.83,10.1,0,151,100.0,29961,0.016
ML-1A6EABD6,SKU-003,antiviral,0,156,8,20.69,0.39,0,134,100.0,23101,0.007
ML-C3232250,SKU-007,antiviral,0,347,462,42.7,10.82,0,145,100.0,27447,0.013
ML-E50E4806,SKU-015,cardiac,0,487,9,36.31,0.25,60,152,100.0,27958,0.017
ML-E32B140E,SKU-001,cardiac,0,11,433,49.83,8.69,9,160,100.0,29220,0.0
ML-D24783B9,SKU-009,antiviral,0,108,448,36.52,12.27,0,134,100.0,25002,0.004
ML-6B966E39,SKU-001,cardiac,0,417,494,43.29,11.41,0,160,100.0,29220,0.014
ML-F1AE43C1,SKU-014,antibiotic,0,236,297,21.75,13.65,0,133,100.0,25421,0.009
ML-DDA4939B,SKU-014,antibiotic,0,347,374,26.85,13.93,0,133,100.0,25421,0.014
ML-3DA49E6C,SKU-004,reefer,1,298,7,27.23,0.26,0,118,100.0,21357,0.014
ML-72B24AD5,SKU-007,antiviral,0,204,108,34.59,3.12,0,145,100.0,27447,0.007
ML-2B66BA5C,SKU-007,antiviral,0,31,107,15.98,6.7,27,145,100.0,27447,0.001
ML-CF5EE41B,SKU-011,cardiac,0,235,208,20.75,10.02,61,145,100.0,27087,0.009
ML-E0D18839,SKU-003,antiviral,0,13,25,6.09,4.1,46,134,100.0,23101,0.001
ML-C83B15A3,SKU-005,reefer,1,15,7,21.66,0.32,0,146,100.0,28436,0.001
ML-D70F0C6E,SKU-014,antibiotic,0,190,89,30.75,2.89,0,133,100.0,25421,0.007
ML-F86C8CA4,SKU-007,antiviral,0,170,8,19.26,0.42,0,145,100.0,27447,0.006
ML-02AA471B,SKU-006,antibiotic,0,67,1,46.85,0.02,0,151,100.0,29961,0.002
ML-1C5F8943,SKU-006,antibiotic,0,160,141,11.3,12.47,33,151,100.0,29961,0.005
ML-BEBC7D40,SKU-009,antiviral,0,308,205,36.9,5.56,0,134,100.0,25002,0.012
ML-C5688F33,SKU-002,reefer,1,418,6,32.52,0.18,0,127,100.0,21690,0.019
ML-46432E1D,SKU-013,reefer,1,29,395,34.25,11.53,15,145,100.0,27420,0.001
ML-2E7E3FAF,SKU-012,antiviral,0,363,22,9.23,2.38,0,151,100.0,26848,0.014
ML-E4285E8C,SKU-015,cardiac,0,199,42,17.89,2.35,0,152,100.0,27958,0.007
ML-DA091E04,SKU-006,antibiotic,0,280,0,21.21,0.0,60,151,100.0,29961,0.009
ML-4272C790,SKU-012,antiviral,0,117,3,33.03,0.09,0,151,100.0,26848,0.004
ML-E9DC6D7F,SKU-003,antiviral,0,320,1,11.23,0.09,0,134,100.0,23101,0.014
ML-41152CDF,SKU-014,antibiotic,0,156,9,40.78,0.22,0,133,100.0,25421,0.006
ML-A2231BE8,SKU-005,reefer,1,483,500,48.32,10.35,0,146,100.0,28436,0.017
ML-2F1A2DEC,SKU-010,reefer,1,131,5,12.04,0.42,1,150,100.0,29266,0.004
ML-A8DCB72A,SKU-013,reefer,1,496,371,34.57,10.73,0,145,100.0,27420,0.018
ML-402A5DA2,SKU-010,reefer,1,153,4,12.14,0.33,0,150,100.0,29266,0.005
ML-CFE96693,SKU-014,antibiotic,0,247,9,49.08,0.18,39,133,100.0,25421,0.01
ML-5FB4CC6A,SKU-004,reefer,1,298,66,25.91,2.55,34,118,100.0,21357,0.014
ML-56F2238F,SKU-004,reefer,1,232,45,5.69,7.91,0,118,100.0,21357,0.011
ML-CD80D5C6,SKU-013,reefer,1,13,436,32.71,13.33,32,145,100.0,27420,0.0
ML-D27F1958,SKU-011,cardiac,0,349,300,30.9,9.71,0,145,100.0,27087,0.013
ML-471D2967,SKU-003,antiviral,0,436,641,47.37,13.53,44,134,100.0,23101,0.019
ML-C0B10DD5,SKU-013,reefer,1,406,36,14.66,2.46,0,145,100.0,27420,0.015
ML-8FFC0F70,SKU-007,antiviral,0,346,351,34.51,10.17,0,145,100.0,27447,0.013
ML-093F40DD,SKU-003,antiviral,0,114,168,27.32,6.15,36,134,100.0,23101,0.005
ML-E0BE1F4A,SKU-009,antiviral,0,286,343,48.54,7.07,0,134,100.0,25002,0.011
ML-105F15B0,SKU-003,antiviral,0,186,0,37.92,0.0,24,134,100.0,23101,0.008
ML-724503FC,SKU-007,antiviral,0,199,6,30.28,0.2,30,145,100.0,27447,0.007
ML-67CE135C,SKU-001,cardiac,0,378,161,27.74,5.8,49,160,100.0,29220,0.013
ML-BC22B834,SKU-004,reefer,1,405,301,48.13,6.25,52,118,100.0,21357,0.019
ML-523F1BE1,SKU-003,antiviral,0,376,8,8.75,0.91,0,134,100.0,23101,0.016
ML-2DE4682E,SKU-005,reefer,1,493,159,47.58,3.34,58,146,100.0,28436,0.017
ML-30979AA4,SKU-007,antiviral,0,407,376,29.73,12.65,0,145,100.0,27447,0.015
ML-11BD46A4,SKU-002,reefer,1,248,107,11.43,9.36,0,127,100.0,21690,0.011
ML-F6F7CC28,SKU-007,antiviral,0,183,1,36.54,0.03,66,145,100.0,27447,0.007
ML-4379FC2E,SKU-005,reefer,1,38,57,8.82,6.46,0,146,100.0,28436,0.001
ML-1EA75B13,SKU-004,reefer,1,154,525,47.63,11.02,0,118,100.0,21357,0.007
ML-71979763,SKU-015,cardiac,0,284,283,39.97,7.08,39,152,100.0,27958,0.01
ML-166CC574,SKU-014,antibiotic,0,460,145,16.42,8.83,61,133,100.0,25421,0.018
ML-D5877A73,SKU-015,cardiac,0,370,186,38.49,4.83,0,152,100.0,27958,0.013
ML-D19C1BB2,SKU-012,antiviral,0,378,63,8.73,7.22,45,151,100.0,26848,0.014
ML-6FE33C72,SKU-013,reefer,1,326,4,19.52,0.2,36,145,100.0,27420,0.012
ML-A6F42D49,SKU-003,antiviral,0,156,464,48.62,9.54,0,134,100.0,23101,0.007
ML-BE545FA2,SKU-015,cardiac,0,10,425,33.24,12.79,0,152,100.0,27958,0.0
ML-279B5A0F,SKU-012,antiviral,0,339,356,47.77,7.45,0,151,100.0,26848,0.013
ML-284DE3CB,SKU-008,antiviral,0,131,84,13.47,6.24,0,154,100.0,30751,0.004
ML-CE4E6E8F,SKU-012,antiviral,0,366,506,48.85,10.36,0,151,100.0,26848,0.014
ML-89680CA7,SKU-001,cardiac,0,221,2,32.13,0.06,69,160,100.0,29220,0.008
ML-44A1F223,SKU-015,cardiac,0,418,295,23.82,12.38,0,152,100.0,27958,0.015
ML-19CEC25B,SKU-007,antiviral,0,298,552,39.99,13.8,0,145,100.0,27447,0.011
ML-336D7CEE,SKU-010,reefer,1,72,200,22.68,8.82,0,150,100.0,29266,0.002
ML-AA5C16E2,SKU-009,antiviral,0,108,6,11.02,0.54,69,134,100.0,25002,0.004
ML-E14DD1A1,SKU-015,cardiac,0,142,559,49.85,11.21,17,152,100.0,27958,0.005
ML-AC53575C,SKU-005,reefer,1,87,3,14.23,0.21,0,146,100.0,28436,0.003
ML-B7911B7E,SKU-001,cardiac,0,497,110,32.82,3.35,0,160,100.0,29220,0.017
ML-9C3E9EB6,SKU-002,reefer,1,447,486,39.75,12.23,0,127,100.0,21690,0.021
ML-0C2116D1,SKU-005,reefer,1,487,160,44.45,3.6,0,146,100.0,28436,0.017
ML-6B708F1C,SKU-015,cardiac,0,238,149,32.91,4.53,0,152,100.0,27958,0.009
ML-30D5CF2E,SKU-012,antiviral,0,235,139,20.78,6.69,0,151,100.0,26848,0.009
ML-57289D74,SKU-015,cardiac,0,491,235,20.67,11.37,0,152,100.0,27958,0.018
ML-9B561DCD,SKU-007,antiviral,0,115,164,43.81,3.74,17,145,100.0,27447,0.004
ML-C7758014,SKU-012,antiviral,0,349,203,25.66,7.91,0,151,100.0,26848,0.013
ML-4B64B8EF,SKU-011,cardiac,0,52,8,15.81,0.51,0,145,100.0,27087,0.002
ML-5438D52B,SKU-015,cardiac,0,468,47,11.25,4.18,0,152,100.0,27958,0.017
ML-8427D130,SKU-003,antiviral,0,361,107,26.33,4.06,0,134,100.0,23101,0.016
ML-7391CCD4,SKU-003,antiviral,0,286,5,12.6,0.4,0,134,100.0,23101,0.012
ML-AE9CF982,SKU-001,cardiac,0,142,1,25.74,0.04,0,160,100.0,29220,0.005
ML-B6B8987A,SKU-010,reefer,1,310,8,19.47,0.41,0,150,100.0,29266,0.011
ML-35A46E86,SKU-008,antiviral,0,359,24,12.06,1.99,8,154,100.0,30751,0.012
ML-668E15B7,SKU-001,cardiac,0,364,7,13.3,0.53,0,160,100.0,29220,0.012
ML-C7A5988A,SKU-010,reefer,1,37,236,21.6,10.93,0,150,100.0,29266,0.001
ML-D77C945C,SKU-008,antiviral,0,380,302,37.1,8.14,0,154,100.0,30751,0.012
ML-4911A2CF,SKU-013,reefer,1,283,123,25.13,4.89,0,145,100.0,27420,0.01
ML-3B64F94E,SKU-005,reefer,1,37,26,5.9,4.4,0,146,100.0,28436,0.001
ML-95EEDF19,SKU-012,antiviral,0,34,457,45.07,10.14,18,151,100.0,26848,0.001
ML-5D1FA079,SKU-015,cardiac,0,237,319,29.17,10.94,0,152,100.0,27958,0.008
ML-152EB899,SKU-003,antiviral,0,51,173,17.77,9.74,0,134,100.0,23101,0.002
ML-C7AE99DA,SKU-008,antiviral,0,324,239,49.39,4.84,0,154,100.0,30751,0.011
ML-44F9BFEF,SKU-006,antibiotic,0,79,7,16.07,0.44,3,151,100.0,29961,0.003
ML-AC523A8F,SKU-003,antiviral,0,40,78,23.47,3.32,0,134,100.0,23101,0.002
ML-8DA95012,SKU-012,antiviral,0,84,223,43.95,5.07,0,151,100.0,26848,0.003
ML-7B50172E,SKU-003,antiviral,0,71,414,46.82,8.84,0,134,100.0,23101,0.003
ML-222E0306,SKU-012,antiviral,0,142,95,13.42,7.08,0,151,100.0,26848,0.005
ML-24D7DEC3,SKU-001,cardiac,0,149,55,10.17,5.41,0,160,100.0,29220,0.005
ML-E48F42C6,SKU-011,cardiac,0,365,124,19.43,6.38,0,145,100.0,27087,0.013
ML-572C7716,SKU-005,reefer,1,416,7,29.7,0.24,65,146,100.0,28436,0.015
ML-DDB289EB,SKU-015,cardiac,0,110,7,5.12,1.37,0,152,100.0,27958,0.004
ML-8106F6A3,SKU-003,antiviral,0,103,107,9.8,10.92,0,134,100.0,23101,0.004
ML-05726DBD,SKU-005,reefer,1,385,2,49.59,0.04,0,146,100.0,28436,0.014
ML-8867F3C5,SKU-008,antiviral,0,329,113,30.85,3.66,14,154,100.0,30751,0.011
ML-77C368AF,SKU-012,antiviral,0,295,2,42.13,0.05,0,151,100.0,26848,0.011
ML-A1858082,SKU-010,reefer,1,71,141,21.15,6.67,39,150,100.0,29266,0.002
ML-7D0533CA,SKU-008,antiviral,0,23,385,45.49,8.46,0,154,100.0,30751,0.001
ML-2E3BA967,SKU-001,cardiac,0,162,175,20.99,8.34,0,160,100.0,29220,0.006
ML-F94A2991,SKU-008,antiviral,0,444,176,29.43,5.98,42,154,100.0,30751,0.014
ML-3B24F8F5,SKU-004,reefer,1,24,485,44.54,10.89,0,118,100.0,21357,0.001
ML-05D8A840,SKU-013,reefer,1,47,440,38.86,11.32,0,145,100.0,27420,0.002
ML-FE080946,SKU-004,reefer,1,95,410,37.13,11.04,0,118,100.0,21357,0.004
ML-F7BA4E2D,SKU-013,reefer,1,168,203,22.05,9.21,0,145,100.0,27420,0.006
ML-D6A48229,SKU-008,antiviral,0,270,302,26.89,11.23,0,154,100.0,30751,0.009
ML-2362465C,SKU-003,antiviral,0,252,279,30.45,9.16,38,134,100.0,23101,0.011
ML-10386AA4,SKU-006,antibiotic,0,209,9,24.06,0.37,0,151,100.0,29961,0.007
ML-2C1C6FDF,SKU-014,antibiotic,0,219,3,32.52,0.09,5,133,100.0,25421,0.009
ML-84A5ACDC,SKU-008,antiviral,0,302,9,36.83,0.24,0,154,100.0,30751,0.01
ML-25151819,SKU-003,antiviral,0,38,125,9.69,12.9,0,134,100.0,23101,0.002
ML-E0F1170B,SKU-005,reefer,1,414,6,12.45,0.48,63,146,100.0,28436,0.015
ML-87F81E65,SKU-006,antibiotic,0,64,99,15.23,6.5,52,151,100.0,29961,0.002
ML-D452FFA9,SKU-009,antiviral,0,126,3,32.17,0.09,0,134,100.0,25002,0.005
ML-7C126A98,SKU-011,cardiac,0,303,223,20.59,10.83,0,145,100.0,27087,0.011
ML-046888A3,SKU-011,cardiac,0,452,7,25.36,0.28,0,145,100.0,27087,0.017
ML-934E688F,SKU-004,reefer,1,207,74,6.52,11.34,0,118,100.0,21357,0.01
ML-2F47EB1C,SKU-010,reefer,1,165,199,14.57,13.66,0,150,100.0,29266,0.006
ML-46C5166A,SKU-004,reefer,1,127,184,43.73,4.21,0,118,100.0,21357,0.006
ML-BD0EA9F0,SKU-013,reefer,1,487,2,38.75,0.05,0,145,100.0,27420,0.018
ML-6325628C,SKU-014,antibiotic,0,294,398,33.12,12.02,0,133,100.0,25421,0.012
ML-DBC5E1AB,SKU-001,cardiac,0,87,312,37.13,8.4,0,160,100.0,29220,0.003
ML-4594CB2B,SKU-014,antibiotic,0,175,7,39.44,0.18,3,133,100.0,25421,0.007
ML-0892A600,SKU-010,reefer,1,467,526,45.38,11.59,32,150,100.0,29266,0.016
ML-6D51BCE9,SKU-002,reefer,1,400,6,34.65,0.17,0,127,100.0,21690,0.018
ML-E44A1047,SKU-007,antiviral,0,452,168,27.75,6.05,0,145,100.0,27447,0.016
ML-6E5859AD,SKU-003,antiviral,0,106,350,30.05,11.65,32,134,100.0,23101,0.005
ML-BA5B012C,SKU-008,antiviral,0,311,424,42.36,10.01,0,154,100.0,30751,0.01
ML-A98C9B33,SKU-015,cardiac,0,320,6,45.34,0.13,19,152,100.0,27958,0.011
ML-09791153,SKU-013,reefer,1,412,397,31.24,12.71,20,145,100.0,27420,0.015
ML-E620AB2C,SKU-011,cardiac,0,243,101,42.13,2.4,37,145,100.0,27087,0.009
ML-284E5E7D,SKU-006,antibiotic,0,265,165,29.84,5.53,24,151,100.0,29961,0.009
ML-4F5B77A0,SKU-001,cardiac,0,211,233,30.46,7.65,0,160,100.0,29220,0.007
ML-383DFB0A,SKU-002,reefer,1,124,291,28.06,10.37,0,127,100.0,21690,0.006
ML-1B6C7AFE,SKU-009,antiviral,0,255,122,34.03,3.59,37,134,100.0,25002,0.01
ML-5B26EEF4,SKU-011,cardiac,0,335,3,46.14,0.07,0,145,100.0,27087,0.012
ML-3018E718,SKU-002,reefer,1,26,247,23.24,10.63,0,127,100.0,21690,0.001
ML-3A2537B8,SKU-006,antibiotic,0,478,7,16.87,0.42,0,151,100.0,29961,0.016
ML-787DA2CA,SKU-013,reefer,1,318,90,12.89,6.98,0,145,100.0,27420,0.012
ML-83680850,SKU-010,reefer,1,55,0,7.11,0.0,0,150,100.0,29266,0.002
ML-C1F057B4,SKU-004,reefer,1,380,87,16.04,5.42,0,118,100.0,21357,0.018
ML-8A21EB5A,SKU-001,cardiac,0,196,141,18.37,7.68,0,160,100.0,29220,0.007
ML-D1E75CD1,SKU-006,antibiotic,0,415,3,37.97,0.08,0,151,100.0,29961,0.014
ML-14D2E3EA,SKU-003,antiviral,0,236,577,42.87,13.46,0,134,100.0,23101,0.01
ML-AEE029A2,SKU-009,antiviral,0,163,163,26.34,6.19,0,134,100.0,25002,0.007
ML-68C71FF4,SKU-013,reefer,1,436,92,31.92,2.88,0,145,100.0,27420,0.016
ML-EB67B5AB,SKU-012,antiviral,0,181,2,48.55,0.04,0,151,100.0,26848,0.007
ML-B3007226,SKU-011,cardiac,0,314,82,11.16,7.35,0,145,100.0,27087,0.012
ML-76B97713,SKU-014,antibiotic,0,89,517,44.28,11.68,0,133,100.0,25421,0.004
ML-314B60AE,SKU-006,antibiotic,0,473,8,43.21,0.19,0,151,100.0,29961,0.016
ML-569FAE0A,SKU-011,cardiac,0,419,18,7.32,2.46,0,145,100.0,27087,0.015
ML-C989ACCE,SKU-001,cardiac,0,416,172,30.01,5.73,0,160,100.0,29220,0.014
ML-387A5DD1,SKU-007,antiviral,0,146,6,13.67,0.44,39,145,100.0,27447,0.005
ML-B9FB48B5,SKU-003,antiviral,0,411,279,28.51,9.79,0,134,100.0,23101,0.018
ML-9545B91C,SKU-012,antiviral,0,197,222,26.65,8.33,0,151,100.0,26848,0.007
ML-AA80D768,SKU-007,antiviral,0,373,260,30.76,8.45,0,145,100.0,27447,0.014
ML-0A9922BB,SKU-013,reefer,1,219,355,28.41,12.5,0,145,100.0,27420,0.008
ML-2D2760FB,SKU-003,antiviral,0,179,1,49.57,0.02,39,134,100.0,23101,0.008
ML-696278B3,SKU-014,antibiotic,0,38,306,39.52,7.74,0,133,100.0,25421,0.001
ML-E6F69F4C,SKU-008,antiviral,0,245,345,49.28,7.0,0,154,100.0,30751,0.008
ML-E8ACC742,SKU-005,reefer,1,74,7,15.74,0.44,0,146,100.0,28436,0.003
ML-5F2619B7,SKU-004,reefer,1,155,0,15.51,0.0,15,118,100.0,21357,0.007
ML-BF363F22,SKU-001,cardiac,0,386,9,35.58,0.25,43,160,100.0,29220,0.013
ML-8443C3C2,SKU-012,antiviral,0,207,453,49.2,9.21,25,151,100.0,26848,0.008
ML-0B41306D,SKU-007,antiviral,0,61,95,7.92,11.99,0,145,100.0,27447,0.002
ML-B85E916D,SKU-003,antiviral,0,375,9,15.38,0.59,0,134,100.0,23101,0.016
ML-7FB2C8FE,SKU-010,reefer,1,268,403,42.18,9.55,0,150,100.0,29266,0.009
ML-60C2BFB8,SKU-009,antiviral,0,108,163,31.88,5.11,0,134,100.0,25002,0.004
ML-1B20C4B3,SKU-002,reefer,1,71,376,49.84,7.54,0,127,100.0,21690,0.003
ML-4568EC09,SKU-013,reefer,1,98,98,31.68,3.09,67,145,100.0,27420,0.004
ML-BE6266D9,SKU-011,cardiac,0,485,1,26.45,0.04,9,145,100.0,27087,0.018
ML-C26BB77B,SKU-015,cardiac,0,49,252,46.92,5.37,0,152,100.0,27958,0.002
ML-BD8BC437,SKU-006,antibiotic,0,337,1,36.31,0.03,0,151,100.0,29961,0.011
ML-0FCC4310,SKU-012,antiviral,0,185,0,35.75,0.0,0,151,100.0,26848,0.007
ML-F53AD549,SKU-013,reefer,1,233,249,28.22,8.82,0,145,100.0,27420,0.008
ML-7E101371,SKU-008,antiviral,0,356,362,43.9,8.25,59,154,100.0,30751,0.012
ML-F931EDC0,SKU-011,cardiac,0,313,382,36.88,10.36,0,145,100.0,27087,0.012
ML-6B54400F,SKU-015,cardiac,0,164,9,38.87,0.23,0,152,100.0,27958,0.006
ML-54262883,SKU-015,cardiac,0,32,24,5.23,4.59,2,152,100.0,27958,0.001
ML-FA34F245,SKU-014,antibiotic,0,86,0,27.84,0.0,0,133,100.0,25421,0.003
ML-6463D305,SKU-008,antiviral,0,232,2,21.95,0.09,0,154,100.0,30751,0.008
ML-1BB13F43,SKU-003,antiviral,0,423,70,5.83,12.01,0,134,100.0,23101,0.018
ML-7EE76D9D,SKU-015,cardiac,0,231,158,38.92,4.06,68,152,100.0,27958,0.008
ML-263CAB96,SKU-011,cardiac,0,201,9,36.87,0.24,0,145,100.0,27087,0.007
ML-8CA10D8C,SKU-006,antibiotic,0,483,116,8.36,13.87,0,151,100.0,29961,0.016
ML-8B1CA436,SKU-012,antiviral,0,173,225,34.14,6.59,0,151,100.0,26848,0.006
ML-75528C8B,SKU-001,cardiac,0,143,109,21.73,5.02,0,160,100.0,29220,0.005
ML-6DE34C46,SKU-002,reefer,1,439,84,26.08,3.22,15,127,100.0,21690,0.02
ML-0CC2F078,SKU-007,antiviral,0,294,1,36.22,0.03,22,145,100.0,27447,0.011
ML-F474E1E0,SKU-011,cardiac,0,36,104,44.06,2.36,47,145,100.0,27087,0.001
ML-07908415,SKU-005,reefer,1,452,353,48.4,7.29,0,146,100.0,28436,0.016
ML-AD81B19E,SKU-010,reefer,1,389,165,37.6,4.39,24,150,100.0,29266,0.013
ML-C6865C0B,SKU-012,antiviral,0,283,597,43.9,13.6,0,151,100.0,26848,0.011
ML-5754DECC,SKU-001,cardiac,0,102,484,39.95,12.12,3,160,100.0,29220,0.003
ML-FB4EC1E3,SKU-013,reefer,1,457,248,18.24,13.6,0,145,100.0,27420,0.017
ML-AB8F3493,SKU-015,cardiac,0,162,46,5.06,9.1,0,152,100.0,27958,0.006
ML-D554A47D,SKU-009,antiviral,0,175,5,15.15,0.33,0,134,100.0,25002,0.007
ML-346482BF,SKU-005,reefer,1,395,305,40.89,7.46,0,146,100.0,28436,0.014
ML-C09FCFAF,SKU-002,reefer,1,487,208,22.66,9.18,0,127,100.0,21690,0.022
ML-F20C27C8,SKU-013,reefer,1,226,108,43.71,2.47,0,145,100.0,27420,0.008
ML-9D00EEA2,SKU-008,antiviral,0,50,58,15.89,3.65,0,154,100.0,30751,0.002
ML-24129D15,SKU-006,antibiotic,0,101,77,36.61,2.1,0,151,100.0,29961,0.003
ML-A68DF423,SKU-002,reefer,1,234,21,8.95,2.35,0,127,100.0,21690,0.011
ML-C1B39B6D,SKU-006,antibiotic,0,112,112,10.97,10.21,44,151,100.0,29961,0.004
ML-22C224DC,SKU-001,cardiac,0,369,80,33.64,2.38,32,160,100.0,29220,0.013
ML-AC4EA7B1,SKU-009,antiviral,0,379,447,47.08,9.49,7,134,100.0,25002,0.015
ML-1DA4CF8F,SKU-011,cardiac,0,93,340,29.89,11.38,0,145,100.0,27087,0.003
ML-6DC0F1F0,SKU-015,cardiac,0,306,132,12.38,10.66,0,152,100.0,27958,0.011
ML-A620FBA2,SKU-012,antiviral,0,406,158,26.57,5.95,0,151,100.0,26848,0.015
ML-921710CA,SKU-013,reefer,1,401,111,44.23,2.51,0,145,100.0,27420,0.015
ML-45E0C146,SKU-006,antibiotic,0,411,292,34.4,8.49,0,151,100.0,29961,0.014
ML-D4D71FDF,SKU-012,antiviral,0,211,5,23.15,0.22,0,151,100.0,26848,0.008
ML-705B3DEF,SKU-001,cardiac,0,400,276,25.82,10.69,20,160,100.0,29220,0.014
ML-220BAF86,SKU-005,reefer,1,13,306,38.09,8.03,0,146,100.0,28436,0.0
ML-1A0EDF5F,SKU-003,antiviral,0,105,1,31.46,0.03,0,134,100.0,23101,0.005
ML-A927443E,SKU-002,reefer,1,344,242,45.53,5.31,0,127,100.0,21690,0.016
ML-CCB56C1B,SKU-006,antibiotic,0,134,138,14.48,9.53,26,151,100.0,29961,0.004
ML-F22FEC38,SKU-008,antiviral,0,109,1,45.91,0.02,0,154,100.0,30751,0.004
ML-80B9E49B,SKU-005,reefer,1,431,7,27.15,0.26,0,146,100.0,28436,0.015
ML-589DF229,SKU-004,reefer,1,139,53,9.29,5.71,0,118,100.0,21357,0.007
ML-747EF8BF,SKU-003,antiviral,0,238,49,5.41,9.06,0,134,100.0,23101,0.01
ML-C5E581B1,SKU-007,antiviral,0,312,113,15.56,7.26,0,145,100.0,27447,0.011
ML-80A68D6E,SKU-013,reefer,1,275,4,35.12,0.11,0,145,100.0,27420,0.01
ML-1753DD06,SKU-011,cardiac,0,469,3,36.8,0.08,0,145,100.0,27087,0.017
ML-D5BB8BA9,SKU-011,cardiac,0,430,239,21.05,11.35,56,145,100.0,27087,0.016
ML-E67601BA,SKU-012,antiviral,0,376,3,44.07,0.07,0,151,100.0,26848,0.014
ML-DAFCB784,SKU-002,reefer,1,466,71,28.9,2.46,0,127,100.0,21690,0.021
ML-7B3D50C6,SKU-006,antibiotic,0,494,380,47.02,8.08,0,151,100.0,29961,0.016
ML-EAF21119,SKU-010,reefer,1,285,101,49.4,2.04,50,150,100.0,29266,0.01
ML-C5BC922E,SKU-013,reefer,1,194,1,31.11,0.03,0,145,100.0,27420,0.007
ML-7804BD52,SKU-006,antibiotic,0,349,3,10.66,0.28,8,151,100.0,29961,0.012
ML-0A248C64,SKU-002,reefer,1,350,67,9.23,7.26,47,127,100.0,21690,0.016
ML-E59B297C,SKU-002,reefer,1,202,435,42.72,10.18,0,127,100.0,21690,0.009
ML-92339D34,SKU-001,cardiac,0,35,104,44.1,2.36,46,160,100.0,29220,0.001
ML-41556491,SKU-004,reefer,1,298,381,32.03,11.9,0,118,100.0,21357,0.014
ML-D88390B2,SKU-009,antiviral,0,99,5,20.69,0.24,0,134,100.0,25002,0.004
ML-9A7B8143,SKU-001,cardiac,0,178,153,49.7,3.08,0,160,100.0,29220,0.006
ML-F8E3667B,SKU-011,cardiac,0,333,449,34.27,13.1,0,145,100.0,27087,0.012
ML-F625E1BC,SKU-002,reefer,1,91,553,44.51,12.43,0,127,100.0,21690,0.004
ML-0A9D6758,SKU-014,antibiotic,0,319,327,34.21,9.56,0,133,100.0,25421,0.013
ML-E18FC01A,SKU-015,cardiac,0,414,202,22.12,9.13,0,152,100.0,27958,0.015
ML-7D1F8EAD,SKU-003,antiviral,0,437,22,5.66,3.89,0,134,100.0,23101,0.019
ML-4AA52464,SKU-002,reefer,1,439,369,27.52,13.41,28,127,100.0,21690,0.02
ML-CAA4010C,SKU-005,reefer,1,230,138,20.36,6.78,0,146,100.0,28436,0.008
ML-79E04EA5,SKU-012,antiviral,0,237,380,32.36,11.74,43,151,100.0,26848,0.009
ML-F616CF9E,SKU-013,reefer,1,30,4,13.81,0.29,25,145,100.0,27420,0.001
ML-391226A3,SKU-004,reefer,1,212,5,22.1,0.23,0,118,100.0,21357,0.01
ML-FE5DBD16,SKU-014,antibiotic,0,390,329,32.78,10.04,28,133,100.0,25421,0.015
ML-2D244613,SKU-003,antiviral,0,145,201,19.01,10.57,0,134,100.0,23101,0.006
ML-AFBA7FE2,SKU-004,reefer,1,99,9,10.48,0.86,31,118,100.0,21357,0.005
ML-1DDE9B37,SKU-007,antiviral,0,456,49,9.81,5.0,68,145,100.0,27447,0.017
ML-94594F24,SKU-006,antibiotic,0,272,346,41.71,8.3,0,151,100.0,29961,0.009
ML-7898ED22,SKU-013,reefer,1,384,307,33.71,9.11,15,145,100.0,27420,0.014
ML-5A0D4A95,SKU-010,reefer,1,481,300,23.5,12.77,0,150,100.0,29266,0.016
ML-2F126139,SKU-010,reefer,1,356,2,40.12,0.05,39,150,100.0,29266,0.012
ML-F7684C74,SKU-010,reefer,1,354,69,9.3,7.42,0,150,100.0,29266,0.012
ML-8A05C588,SKU-015,cardiac,0,58,175,38.16,4.59,0,152,100.0,27958,0.002
ML-880ED1BD,SKU-005,reefer,1,152,9,15.36,0.59,0,146,100.0,28436,0.005
ML-453224EE,SKU-013,reefer,1,450,99,27.35,3.62,0,145,100.0,27420,0.016
ML-23318EDF,SKU-003,antiviral,0,51,250,24.27,10.3,60,134,100.0,23101,0.002
ML-62AD4F4D,SKU-014,antibiotic,0,28,413,32.14,12.85,36,133,100.0,25421,0.001
ML-0516BAF9,SKU-008,antiviral,0,238,7,45.24,0.15,0,154,100.0,30751,0.008
ML-7CAB11E8,SKU-006,antibiotic,0,434,392,32.77,11.96,0,151,100.0,29961,0.014
ML-4A8F8985,SKU-012,antiviral,0,36,7,33.81,0.21,0,151,100.0,26848,0.001
ML-FCD54032,SKU-006,antibiotic,0,309,196,19.6,10.0,2,151,100.0,29961,0.01
ML-ADBE45F2,SKU-006,antibiotic,0,218,298,49.8,5.98,0,151,100.0,29961,0.007
ML-0A3AD179,SKU-010,reefer,1,45,533,48.27,11.04,0,150,100.0,29266,0.002
ML-404A7033,SKU-010,reefer,1,455,48,24.02,2.0,0,150,100.0,29266,0.016
ML-3FEC9E7E,SKU-008,antiviral,0,477,90,26.37,3.41,5,154,100.0,30751,0.016
ML-7A7516DE,SKU-004,reefer,1,369,4,39.59,0.1,0,118,100.0,21357,0.017
ML-6CD5F9B1,SKU-006,antibiotic,0,475,376,40.46,9.29,0,151,100.0,29961,0.016
ML-918F76F2,SKU-004,reefer,1,235,6,7.84,0.77,0,118,100.0,21357,0.011
ML-26AD37E4,SKU-002,reefer,1,370,77,8.94,8.61,0,127,100.0,21690,0.017
ML-E9B6CF47,SKU-004,reefer,1,199,205,25.12,8.16,43,118,100.0,21357,0.009
ML-1E8AA424,SKU-015,cardiac,0,351,244,30.5,8.0,0,152,100.0,27958,0.013
ML-2FA08C72,SKU-006,antibiotic,0,91,279,33.26,8.39,67,151,100.0,29961,0.003
ML-32F527BD,SKU-007,antiviral,0,445,95,41.84,2.27,0,145,100.0,27447,0.016
ML-63254055,SKU-003,antiviral,0,475,634,48.08,13.19,0,134,100.0,23101,0.021
ML-3745D394,SKU-013,reefer,1,319,70,19.12,3.66,52,145,100.0,27420,0.012
ML-9DC50D8E,SKU-003,antiviral,0,492,4,22.94,0.17,0,134,100.0,23101,0.021
ML-10FE0121,SKU-005,reefer,1,491,3,27.77,0.11,0,146,100.0,28436,0.017
ML-0E9DCA3E,SKU-012,antiviral,0,456,1,33.84,0.03,0,151,100.0,26848,0.017
ML-50B8C3D7,SKU-003,antiviral,0,296,58,7.76,7.47,0,134,100.0,23101,0.013
ML-345BD091,SKU-011,cardiac,0,187,104,7.6,13.68,0,145,100.0,27087,0.007
ML-FABB135D,SKU-003,antiviral,0,158,33,10.46,3.15,0,134,100.0,23101,0.007
ML-CB1A52B7,SKU-012,antiviral,0,106,328,27.92,11.75,0,151,100.0,26848,0.004
ML-146DF6C2,SKU-004,reefer,1,230,235,33.08,7.1,0,118,100.0,21357,0.011
ML-25430151,SKU-004,reefer,1,200,6,25.24,0.24,0,118,100.0,21357,0.009
ML-EE4C5AB8,SKU-006,antibiotic,0,23,175,12.96,13.5,0,151,100.0,29961,0.001
ML-252466B2,SKU-014,antibiotic,0,228,214,23.84,8.98,0,133,100.0,25421,0.009
ML-683ABCC7,SKU-008,antiviral,0,432,394,32.85,11.99,0,154,100.0,30751,0.014
ML-04196BEC,SKU-005,reefer,1,347,0,7.91,0.0,0,146,100.0,28436,0.012
ML-24B312CE,SKU-012,antiviral,0,404,80,25.45,3.14,0,151,100.0,26848,0.015
ML-FB750B99,SKU-004,reefer,1,43,151,19.61,7.7,0,118,100.0,21357,0.002
ML-A1AF7900,SKU-004,reefer,1,422,326,25.68,12.7,17,118,100.0,21357,0.02
ML-9628DA03,SKU-008,antiviral,0,402,138,47.43,2.91,0,154,100.0,30751,0.013
ML-ED41145C,SKU-002,reefer,1,323,195,16.39,11.9,0,127,100.0,21690,0.015
ML-051C65F1,SKU-008,antiviral,0,452,0,25.26,0.0,0,154,100.0,30751,0.015
ML-A37F9C7D,SKU-008,antiviral,0,182,95,11.76,8.08,0,154,100.0,30751,0.006
ML-13BC2035,SKU-013,reefer,1,209,25,8.82,2.84,0,145,100.0,27420,0.008
ML-A2429F5C,SKU-008,antiviral,0,26,299,48.04,6.22,0,154,100.0,30751,0.001
ML-AE027D64,SKU-011,cardiac,0,445,168,39.86,4.21,0,145,100.0,27087,0.016
ML-C611E5DD,SKU-005,reefer,1,270,179,34.71,5.16,0,146,100.0,28436,0.009
ML-266AE12E,SKU-012,antiviral,0,346,173,18.3,9.46,0,151,100.0,26848,0.013
ML-0B8A8E64,SKU-002,reefer,1,460,118,10.46,11.28,0,127,100.0,21690,0.021
ML-233ECF92,SKU-010,reefer,1,128,79,6.89,11.47,0,150,100.0,29266,0.004
ML-EEB3B39D,SKU-008,antiviral,0,267,352,32.08,10.97,11,154,100.0,30751,0.009
ML-8AC58A39,SKU-010,reefer,1,280,31,9.99,3.1,0,150,100.0,29266,0.01
ML-6809903A,SKU-014,antibiotic,0,133,3,22.49,0.13,0,133,100.0,25421,0.005
ML-DC8F7E90,SKU-005,reefer,1,181,135,13.89,9.72,0,146,100.0,28436,0.006
ML-236FC3FA,SKU-014,antibiotic,0,128,1,44.57,0.02,0,133,100.0,25421,0.005
ML-F400502B,SKU-014,antibiotic,0,158,426,49.03,8.69,0,133,100.0,25421,0.006
ML-F7C1AEA9,SKU-011,cardiac,0,265,391,29.53,13.24,0,145,100.0,27087,0.01
ML-E160020A,SKU-002,reefer,1,267,129,10.93,11.8,0,127,100.0,21690,0.012
ML-6A8C5D3E,SKU-003,antiviral,0,416,364,42.83,8.5,0,134,100.0,23101,0.018
ML-2C594781,SKU-008,antiviral,0,12,188,18.39,10.22,25,154,100.0,30751,0.0
ML-71D4F989,SKU-005,reefer,1,120,143,12.24,11.68,3,146,100.0,28436,0.004
ML-68C24F75,SKU-001,cardiac,0,397,109,9.46,11.52,0,160,100.0,29220,0.014
ML-645E848F,SKU-010,reefer,1,414,161,37.99,4.24,0,150,100.0,29266,0.014
ML-7A1A7727,SKU-013,reefer,1,402,9,29.94,0.3,12,145,100.0,27420,0.015
ML-64C5F804,SKU-001,cardiac,0,471,90,14.11,6.38,0,160,100.0,29220,0.016
ML-5A2FBC5C,SKU-003,antiviral,0,232,261,18.75,13.92,0,134,100.0,23101,0.01
ML-8D9EA5D5,SKU-013,reefer,1,141,341,37.49,9.09,0,145,100.0,27420,0.005
ML-E7B00310,SKU-005,reefer,1,319,5,36.3,0.14,0,146,100.0,28436,0.011
ML-E92B4A10,SKU-012,antiviral,0,66,280,22.45,12.47,0,151,100.0,26848,0.002
ML-57A21621,SKU-003,antiviral,0,225,3,9.69,0.31,0,134,100.0,23101,0.01
ML-F20EDBA5,SKU-014,antibiotic,0,33,185,35.44,5.22,49,133,100.0,25421,0.001
ML-2C275E04,SKU-015,cardiac,0,375,128,11.7,10.94,31,152,100.0,27958,0.013
ML-EB01F1E6,SKU-004,reefer,1,201,98,28.41,3.45,18,118,100.0,21357,0.009
ML-5DF1554A,SKU-015,cardiac,0,125,87,7.81,11.13,45,152,100.0,27958,0.004
ML-5FADBDE7,SKU-001,cardiac,0,410,139,33.69,4.13,0,160,100.0,29220,0.014
ML-417272DA,SKU-015,cardiac,0,87,517,38.62,13.39,0,152,100.0,27958,0.003
ML-4900A5CE,SKU-004,reefer,1,70,0,49.08,0.0,0,118,100.0,21357,0.003
ML-217CB7A6,SKU-006,antibiotic,0,207,4,28.31,0.14,0,151,100.0,29961,0.007
ML-526D7C9E,SKU-003,antiviral,0,311,114,15.15,7.53,0,134,100.0,23101,0.013
ML-79DA4F43,SKU-005,reefer,1,83,451,47.18,9.56,0,146,100.0,28436,0.003
ML-6EA9D1DC,SKU-007,antiviral,0,428,275,24.66,11.15,0,145,100.0,27447,0.016
ML-19955920,SKU-012,antiviral,0,373,109,11.09,9.83,30,151,100.0,26848,0.014
ML-E230F738,SKU-008,antiviral,0,373,6,7.01,0.86,0,154,100.0,30751,0.012
ML-8F47D14C,SKU-012,antiviral,0,279,5,16.23,0.31,0,151,100.0,26848,0.01
ML-B1201466,SKU-009,antiviral,0,214,3,17.07,0.18,0,134,100.0,25002,0.009
ML-D40C771A,SKU-004,reefer,1,347,3,45.79,0.07,0,118,100.0,21357,0.016
ML-87A49B63,SKU-011,cardiac,0,16,7,8.89,0.79,0,145,100.0,27087,0.001
ML-89E48381,SKU-008,antiviral,0,152,533,44.7,11.92,14,154,100.0,30751,0.005
ML-1DCF44E4,SKU-009,antiviral,0,174,2,49.16,0.04,37,134,100.0,25002,0.007
ML-C606B8E0,SKU-008,antiviral,0,314,240,25.88,9.27,0,154,100.0,30751,0.01
ML-EE8D6762,SKU-009,antiviral,0,170,9,11.81,0.76,0,134,100.0,25002,0.007
ML-3F98D6A6,SKU-006,antibiotic,0,298,1,28.55,0.04,0,151,100.0,29961,0.01
ML-45065314,SKU-011,cardiac,0,178,380,40.63,9.35,0,145,100.0,27087,0.007
ML-07EE9BD9,SKU-002,reefer,1,74,5,24.29,0.21,66,127,100.0,21690,0.003
ML-D716F942,SKU-010,reefer,1,107,481,43.79,10.98,0,150,100.0,29266,0.004
ML-04A9CB40,SKU-015,cardiac,0,433,137,10.04,13.65,49,152,100.0,27958,0.015
ML-D961A485,SKU-007,antiviral,0,286,137,12.41,11.04,0,145,100.0,27447,0.01
ML-5C00D326,SKU-008,antiviral,0,241,553,44.5,12.43,0,154,100.0,30751,0.008
ML-B88C4F32,SKU-009,antiviral,0,177,114,49.32,2.31,0,134,100.0,25002,0.007
ML-FA8C57B3,SKU-014,antibiotic,0,396,366,45.91,7.97,0,133,100.0,25421,0.016
ML-973D3B03,SKU-004,reefer,1,288,474,41.99,11.29,12,118,100.0,21357,0.013
ML-A8CB834B,SKU-010,reefer,1,17,160,17.92,8.93,0,150,100.0,29266,0.001
ML-5DD38341,SKU-007,antiviral,0,402,191,22.82,8.37,0,145,100.0,27447,0.015
ML-DAB86EDC,SKU-004,reefer,1,463,500,40.7,12.29,40,118,100.0,21357,0.022
ML-DE24B43E,SKU-006,antibiotic,0,426,7,31.92,0.22,48,151,100.0,29961,0.014
ML-C10190D8,SKU-011,cardiac,0,110,74,24.81,2.98,12,145,100.0,27087,0.004
ML-E7C5918A,SKU-011,cardiac,0,311,151,19.39,7.79,0,145,100.0,27087,0.011
ML-049E664E,SKU-014,antibiotic,0,278,268,19.54,13.72,0,133,100.0,25421,0.011
ML-222ECE34,SKU-011,cardiac,0,334,320,30.19,10.6,5,145,100.0,27087,0.012
ML-6BD6A670,SKU-003,antiviral,0,198,5,20.16,0.25,0,134,100.0,23101,0.009
ML-32D59DC3,SKU-003,antiviral,0,69,227,19.15,11.86,0,134,100.0,23101,0.003
ML-F73054F7,SKU-005,reefer,1,225,164,27.24,6.02,0,146,100.0,28436,0.008
ML-EA00F040,SKU-005,reefer,1,165,4,42.17,0.09,0,146,100.0,28436,0.006
ML-48D81C6D,SKU-002,reefer,1,50,8,38.29,0.21,0,127,100.0,21690,0.002
ML-7081F3F1,SKU-006,antibiotic,0,282,589,42.87,13.74,0,151,100.0,29961,0.009
ML-2FBA0E1F,SKU-004,reefer,1,390,362,35.43,10.22,0,118,100.0,21357,0.018
ML-04A2E507,SKU-007,antiviral,0,463,7,43.51,0.16,0,145,100.0,27447,0.017
ML-B560BBE2,SKU-015,cardiac,0,76,205,36.24,5.66,0,152,100.0,27958,0.003
ML-28B013FC,SKU-003,antiviral,0,322,247,18.68,13.22,39,134,100.0,23101,0.014
ML-BD5B66F7,SKU-009,antiviral,0,364,75,7.66,9.79,23,134,100.0,25002,0.015
ML-B244D4C2,SKU-011,cardiac,0,100,106,22.54,4.7,0,145,100.0,27087,0.004
ML-07C942C9,SKU-014,antibiotic,0,44,182,23.57,7.72,0,133,100.0,25421,0.002
ML-69475F4A,SKU-008,antiviral,0,353,21,6.22,3.37,51,154,100.0,30751,0.011
ML-1099EF92,SKU-003,antiviral,0,435,502,36.47,13.77,0,134,100.0,23101,0.019
ML-C653F0FA,SKU-009,antiviral,0,260,320,33.27,9.62,0,134,100.0,25002,0.01
ML-B72E9DAE,SKU-008,antiviral,0,431,0,10.41,0.0,0,154,100.0,30751,0.014
ML-3D17A23E,SKU-001,cardiac,0,385,51,17.77,2.87,0,160,100.0,29220,0.013
ML-6B09F386,SKU-014,antibiotic,0,231,7,31.95,0.22,41,133,100.0,25421,0.009
ML-C8885ADB,SKU-008,antiviral,0,136,400,33.18,12.06,0,154,100.0,30751,0.004
ML-735DBA89,SKU-012,antiviral,0,44,151,17.05,8.86,0,151,100.0,26848,0.002
ML-F3F6DAF5,SKU-004,reefer,1,366,8,31.95,0.25,68,118,100.0,21357,0.017
ML-46DA0BF3,SKU-003,antiviral,0,474,18,7.91,2.28,0,134,100.0,23101,0.021
ML-7E80E1EB,SKU-008,antiviral,0,341,167,45.98,3.63,0,154,100.0,30751,0.011
ML-18CAA763,SKU-004,reefer,1,102,93,12.68,7.34,51,118,100.0,21357,0.005
ML-93BD4E0D,SKU-004,reefer,1,320,5,28.06,0.18,67,118,100.0,21357,0.015
ML-4C59C372,SKU-006,antibiotic,0,203,237,17.22,13.76,0,151,100.0,29961,0.007
ML-200DB0E0,SKU-006,antibiotic,0,271,5,45.12,0.11,0,151,100.0,29961,0.009
ML-36C78229,SKU-008,antiviral,0,476,104,17.46,5.96,0,154,100.0,30751,0.015
ML-D6C68A9A,SKU-008,antiviral,0,151,7,32.49,0.22,0,154,100.0,30751,0.005
ML-7F0FD677,SKU-013,reefer,1,495,7,43.44,0.16,0,145,100.0,27420,0.018
ML-75E94E46,SKU-012,antiviral,0,362,179,20.25,8.84,0,151,100.0,26848,0.013
ML-3BD6FF14,SKU-011,cardiac,0,319,142,46.93,3.03,0,145,100.0,27087,0.012
ML-37C5ACB6,SKU-008,antiviral,0,286,256,20.54,12.47,0,154,100.0,30751,0.009
ML-E5A4F2C3,SKU-011,cardiac,0,156,100,25.28,3.96,0,145,100.0,27087,0.006
ML-B2E8031A,SKU-003,antiviral,0,341,227,44.7,5.08,0,134,100.0,23101,0.015
ML-EAE9376C,SKU-001,cardiac,0,310,397,37.33,10.64,46,160,100.0,29220,0.011
ML-BB2622CB,SKU-007,antiviral,0,167,3,16.59,0.18,0,145,100.0,27447,0.006
ML-6931B43E,SKU-002,reefer,1,333,143,22.27,6.42,0,127,100.0,21690,0.015
ML-CA3A0CD2,SKU-012,antiviral,0,433,9,38.8,0.23,0,151,100.0,26848,0.016
ML-57C3151B,SKU-009,antiviral,0,432,229,23.57,9.72,10,134,100.0,25002,0.017
ML-27624461,SKU-014,antibiotic,0,219,6,11.25,0.53,70,133,100.0,25421,0.009
ML-23396D18,SKU-011,cardiac,0,126,7,45.61,0.15,41,145,100.0,27087,0.005
ML-1E3F02D1,SKU-014,antibiotic,0,277,163,18.28,8.92,0,133,100.0,25421,0.011
ML-99F490D1,SKU-005,reefer,1,71,323,30.14,10.72,0,146,100.0,28436,0.002
ML-4E9C709D,SKU-012,antiviral,0,286,364,36.16,10.07,0,151,100.0,26848,0.011
ML-1DC87734,SKU-005,reefer,1,495,469,40.5,11.58,28,146,100.0,28436,0.017
ML-877BD8BF,SKU-012,antiviral,0,344,9,39.17,0.23,0,151,100.0,26848,0.013
ML-1D3FE99C,SKU-006,antibiotic,0,109,184,22.68,8.11,0,151,100.0,29961,0.004
ML-1B6CF85C,SKU-007,antiviral,0,205,93,7.02,13.26,0,145,100.0,27447,0.007
ML-978B42B8,SKU-010,reefer,1,453,0,22.05,0.0,0,150,100.0,29266,0.015
ML-2497123A,SKU-005,reefer,1,401,5,21.41,0.23,0,146,100.0,28436,0.014
ML-2D395A0A,SKU-004,reefer,1,122,26,11.32,2.3,0,118,100.0,21357,0.006
ML-4D58D8C5,SKU-011,cardiac,0,54,5,22.29,0.22,51,145,100.0,27087,0.002
ML-C6BB2523,SKU-002,reefer,1,271,213,39.03,5.46,37,127,100.0,21690,0.012
ML-2439628B,SKU-010,reefer,1,133,176,19.13,9.2,29,150,100.0,29266,0.005
ML-51AA3023,SKU-013,reefer,1,68,319,48.25,6.61,0,145,100.0,27420,0.002
ML-CFCF4C48,SKU-004,reefer,1,78,101,11.94,8.46,51,118,100.0,21357,0.004
ML-0C21B925,SKU-003,antiviral,0,51,174,42.21,4.12,0,134,100.0,23101,0.002
ML-AE5DBE29,SKU-015,cardiac,0,30,299,48.49,6.17,0,152,100.0,27958,0.001
ML-F7DFFA33,SKU-008,antiviral,0,134,196,24.98,7.85,0,154,100.0,30751,0.004
ML-0FA75BC4,SKU-001,cardiac,0,108,394,44.61,8.83,0,160,100.0,29220,0.004
ML-57FA4BBD,SKU-005,reefer,1,496,0,22.78,0.0,19,146,100.0,28436,0.017
ML-71F41249,SKU-015,cardiac,0,73,197,31.69,6.22,0,152,100.0,27958,0.003
ML-3B7D0CBC,SKU-006,antibiotic,0,158,103,38.56,2.67,0,151,100.0,29961,0.005
ML-A25D2709,SKU-009,antiviral,0,55,87,6.55,13.28,0,134,100.0,25002,0.002
ML-A36BBC4F,SKU-012,antiviral,0,245,219,38.96,5.62,0,151,100.0,26848,0.009
ML-23C84D53,SKU-011,cardiac,0,426,281,30.32,9.27,51,145,100.0,27087,0.016
ML-0E9434FD,SKU-005,reefer,1,471,235,25.52,9.21,0,146,100.0,28436,0.017
ML-C563CFC0,SKU-007,antiviral,0,374,71,26.44,2.69,0,145,100.0,27447,0.014
ML-55A343B7,SKU-001,cardiac,0,378,5,18.43,0.27,0,160,100.0,29220,0.013
ML-48E0DE15,SKU-005,reefer,1,22,6,48.72,0.12,0,146,100.0,28436,0.001
ML-0AC715D9,SKU-006,antibiotic,0,358,53,6.37,8.31,0,151,100.0,29961,0.012
ML-848A6790,SKU-005,reefer,1,473,452,41.89,10.79,0,146,100.0,28436,0.017
ML-A62C08A0,SKU-014,antibiotic,0,312,9,49.57,0.18,71,133,100.0,25421,0.012
ML-81C7E54D,SKU-014,antibiotic,0,144,67,6.99,9.59,0,133,100.0,25421,0.006
ML-554D36B0,SKU-013,reefer,1,241,552,47.17,11.7,35,145,100.0,27420,0.009
ML-FA65CAC1,SKU-002,reefer,1,200,26,8.99,2.89,0,127,100.0,21690,0.009
ML-786D19DA,SKU-014,antibiotic,0,488,26,7.97,3.26,45,133,100.0,25421,0.019
ML-9937C43E,SKU-002,reefer,1,54,268,47.98,5.59,0,127,100.0,21690,0.002
ML-5D000199,SKU-007,antiviral,0,171,106,40.75,2.6,0,145,100.0,27447,0.006
ML-6462DF37,SKU-013,reefer,1,193,6,18.29,0.33,0,145,100.0,27420,0.007
ML-631844BF,SKU-007,antiviral,0,471,5,11.85,0.42,0,145,100.0,27447,0.017
ML-A64A2C19,SKU-005,reefer,1,304,208,15.17,13.71,0,146,100.0,28436,0.011
ML-86FE5814,SKU-005,reefer,1,284,0,34.15,0.0,32,146,100.0,28436,0.01
ML-63B43614,SKU-014,antibiotic,0,83,89,31.36,2.84,0,133,100.0,25421,0.003
ML-7121CFB0,SKU-014,antibiotic,0,187,432,37.13,11.64,0,133,100.0,25421,0.007
ML-3D60404A,SKU-015,cardiac,0,269,60,11.43,5.25,0,152,100.0,27958,0.01
ML-B2C53533,SKU-014,antibiotic,0,299,29,11.02,2.63,57,133,100.0,25421,0.012
ML-C6D499A5,SKU-015,cardiac,0,250,5,28.0,0.18,50,152,100.0,27958,0.009
ML-7DB92E20,SKU-008,antiviral,0,434,60,20.32,2.95,65,154,100.0,30751,0.014
ML-F0B61A07,SKU-011,cardiac,0,156,269,30.42,8.84,51,145,100.0,27087,0.006
ML-2916507E,SKU-013,reefer,1,92,623,45.95,13.56,0,145,100.0,27420,0.003
ML-B4044D68,SKU-010,reefer,1,480,261,27.22,9.59,10,150,100.0,29266,0.016
ML-38EF6F70,SKU-015,cardiac,0,32,68,16.44,4.14,0,152,100.0,27958,0.001
